{
  "query": "SELECT c.id, c.name, c.state, COUNT(pc.id) as protocol_count\nFROM counties c\nLEFT JOIN protocolChunks pc ON pc.countyId = c.id\nWHERE c.state = 'California'\nGROUP BY c.id, c.name, c.state\nORDER BY protocol_count DESC, c.name ASC\nLIMIT 200;",
  "command": "mysql --batch --raw --column-names --default-character-set=utf8mb4 --host gateway03.us-east-1.prod.aws.tidbcloud.com --port 4000 --user 2XDdWnjTq9wYRT5.root --database VxWDA7dN6oFTU34ptu3qAr --execute SELECT c.id, c.name, c.state, COUNT(pc.id) as protocol_count\nFROM counties c\nLEFT JOIN protocolChunks pc ON pc.countyId = c.id\nWHERE c.state = 'California'\nGROUP BY c.id, c.name, c.state\nORDER BY protocol_count DESC, c.name ASC\nLIMIT 200;",
  "rows": [
    {
      "id": "120012",
      "name": "Riverside County",
      "state": "California",
      "protocol_count": "406"
    },
    {
      "id": "120034",
      "name": "Inyo County",
      "state": "California",
      "protocol_count": "358"
    },
    {
      "id": "120035",
      "name": "Mono County",
      "state": "California",
      "protocol_count": "358"
    },
    {
      "id": "120036",
      "name": "San Bernardino County",
      "state": "California",
      "protocol_count": "358"
    },
    {
      "id": "120006",
      "name": "Los Angeles County",
      "state": "California",
      "protocol_count": "236"
    },
    {
      "id": "120017",
      "name": "San Joaquin County",
      "state": "California",
      "protocol_count": "211"
    },
    {
      "id": "120001",
      "name": "Alameda County",
      "state": "California",
      "protocol_count": "133"
    },
    {
      "id": "120053",
      "name": "Nevada County",
      "state": "California",
      "protocol_count": "122"
    },
    {
      "id": "120054",
      "name": "Placer County",
      "state": "California",
      "protocol_count": "122"
    },
    {
      "id": "120055",
      "name": "Sierra County",
      "state": "California",
      "protocol_count": "122"
    },
    {
      "id": "120056",
      "name": "Sutter County",
      "state": "California",
      "protocol_count": "122"
    },
    {
      "id": "120057",
      "name": "Yuba County",
      "state": "California",
      "protocol_count": "122"
    },
    {
      "id": "120015",
      "name": "San Diego County",
      "state": "California",
      "protocol_count": "115"
    },
    {
      "id": "120005",
      "name": "Kern County",
      "state": "California",
      "protocol_count": "47"
    },
    {
      "id": "120032",
      "name": "Mendocino County",
      "state": "California",
      "protocol_count": "45"
    },
    {
      "id": "120033",
      "name": "Sonoma County",
      "state": "California",
      "protocol_count": "45"
    },
    {
      "id": "120011",
      "name": "Orange County",
      "state": "California",
      "protocol_count": "28"
    },
    {
      "id": "120026",
      "name": "Ventura County",
      "state": "California",
      "protocol_count": "21"
    },
    {
      "id": "30187",
      "name": "Alameda",
      "state": "California",
      "protocol_count": "16"
    },
    {
      "id": "30188",
      "name": "Alpine",
      "state": "California",
      "protocol_count": "16"
    },
    {
      "id": "30189",
      "name": "Amador",
      "state": "California",
      "protocol_count": "16"
    },
    {
      "id": "30190",
      "name": "Butte",
      "state": "California",
      "protocol_count": "16"
    },
    {
      "id": "30191",
      "name": "Calaveras",
      "state": "California",
      "protocol_count": "16"
    },
    {
      "id": "30192",
      "name": "Colusa",
      "state": "California",
      "protocol_count": "16"
    },
    {
      "id": "30193",
      "name": "Contra Costa",
      "state": "California",
      "protocol_count": "16"
    },
    {
      "id": "30194",
      "name": "Del Norte",
      "state": "California",
      "protocol_count": "16"
    },
    {
      "id": "30195",
      "name": "El Dorado",
      "state": "California",
      "protocol_count": "16"
    },
    {
      "id": "30196",
      "name": "Fresno",
      "state": "California",
      "protocol_count": "16"
    },
    {
      "id": "30197",
      "name": "Glenn",
      "state": "California",
      "protocol_count": "16"
    },
    {
      "id": "30198",
      "name": "Humboldt",
      "state": "California",
      "protocol_count": "16"
    },
    {
      "id": "30199",
      "name": "Imperial",
      "state": "California",
      "protocol_count": "16"
    },
    {
      "id": "30200",
      "name": "Inyo",
      "state": "California",
      "protocol_count": "16"
    },
    {
      "id": "30201",
      "name": "Kern",
      "state": "California",
      "protocol_count": "16"
    },
    {
      "id": "30202",
      "name": "Kings",
      "state": "California",
      "protocol_count": "16"
    },
    {
      "id": "30203",
      "name": "Lake",
      "state": "California",
      "protocol_count": "16"
    },
    {
      "id": "30204",
      "name": "Lassen",
      "state": "California",
      "protocol_count": "16"
    },
    {
      "id": "31967",
      "name": "Los Angeles",
      "state": "California",
      "protocol_count": "16"
    },
    {
      "id": "30205",
      "name": "Los Angeles",
      "state": "California",
      "protocol_count": "16"
    },
    {
      "id": "30206",
      "name": "Madera",
      "state": "California",
      "protocol_count": "16"
    },
    {
      "id": "30207",
      "name": "Marin",
      "state": "California",
      "protocol_count": "16"
    },
    {
      "id": "30208",
      "name": "Mariposa",
      "state": "California",
      "protocol_count": "16"
    },
    {
      "id": "30209",
      "name": "Mendocino",
      "state": "California",
      "protocol_count": "16"
    },
    {
      "id": "30210",
      "name": "Merced",
      "state": "California",
      "protocol_count": "16"
    },
    {
      "id": "30211",
      "name": "Modoc",
      "state": "California",
      "protocol_count": "16"
    },
    {
      "id": "30212",
      "name": "Mono",
      "state": "California",
      "protocol_count": "16"
    },
    {
      "id": "30213",
      "name": "Monterey",
      "state": "California",
      "protocol_count": "16"
    },
    {
      "id": "30214",
      "name": "Napa",
      "state": "California",
      "protocol_count": "16"
    },
    {
      "id": "30215",
      "name": "Nevada",
      "state": "California",
      "protocol_count": "16"
    },
    {
      "id": "30216",
      "name": "Orange",
      "state": "California",
      "protocol_count": "16"
    },
    {
      "id": "31970",
      "name": "Orange",
      "state": "California",
      "protocol_count": "16"
    },
    {
      "id": "30217",
      "name": "Placer",
      "state": "California",
      "protocol_count": "16"
    },
    {
      "id": "30218",
      "name": "Plumas",
      "state": "California",
      "protocol_count": "16"
    },
    {
      "id": "30219",
      "name": "Riverside",
      "state": "California",
      "protocol_count": "16"
    },
    {
      "id": "31971",
      "name": "Sacramento",
      "state": "California",
      "protocol_count": "16"
    },
    {
      "id": "30220",
      "name": "Sacramento",
      "state": "California",
      "protocol_count": "16"
    },
    {
      "id": "30221",
      "name": "San Benito",
      "state": "California",
      "protocol_count": "16"
    },
    {
      "id": "30222",
      "name": "San Bernardino",
      "state": "California",
      "protocol_count": "16"
    },
    {
      "id": "30223",
      "name": "San Diego",
      "state": "California",
      "protocol_count": "16"
    },
    {
      "id": "31968",
      "name": "San Diego",
      "state": "California",
      "protocol_count": "16"
    },
    {
      "id": "31969",
      "name": "San Francisco",
      "state": "California",
      "protocol_count": "16"
    },
    {
      "id": "30224",
      "name": "San Francisco",
      "state": "California",
      "protocol_count": "16"
    },
    {
      "id": "30225",
      "name": "San Joaquin",
      "state": "California",
      "protocol_count": "16"
    },
    {
      "id": "30226",
      "name": "San Luis Obispo",
      "state": "California",
      "protocol_count": "16"
    },
    {
      "id": "30227",
      "name": "San Mateo",
      "state": "California",
      "protocol_count": "16"
    },
    {
      "id": "30228",
      "name": "Santa Barbara",
      "state": "California",
      "protocol_count": "16"
    },
    {
      "id": "30229",
      "name": "Santa Clara",
      "state": "California",
      "protocol_count": "16"
    },
    {
      "id": "30230",
      "name": "Santa Cruz",
      "state": "California",
      "protocol_count": "16"
    },
    {
      "id": "30231",
      "name": "Shasta",
      "state": "California",
      "protocol_count": "16"
    },
    {
      "id": "30232",
      "name": "Sierra",
      "state": "California",
      "protocol_count": "16"
    },
    {
      "id": "30233",
      "name": "Siskiyou",
      "state": "California",
      "protocol_count": "16"
    },
    {
      "id": "30234",
      "name": "Solano",
      "state": "California",
      "protocol_count": "16"
    },
    {
      "id": "30235",
      "name": "Sonoma",
      "state": "California",
      "protocol_count": "16"
    },
    {
      "id": "30236",
      "name": "Stanislaus",
      "state": "California",
      "protocol_count": "16"
    },
    {
      "id": "30237",
      "name": "Sutter",
      "state": "California",
      "protocol_count": "16"
    },
    {
      "id": "30238",
      "name": "Tehama",
      "state": "California",
      "protocol_count": "16"
    },
    {
      "id": "30239",
      "name": "Trinity",
      "state": "California",
      "protocol_count": "16"
    },
    {
      "id": "30240",
      "name": "Tulare",
      "state": "California",
      "protocol_count": "16"
    },
    {
      "id": "30241",
      "name": "Tuolumne",
      "state": "California",
      "protocol_count": "16"
    },
    {
      "id": "30242",
      "name": "Ventura",
      "state": "California",
      "protocol_count": "16"
    },
    {
      "id": "30243",
      "name": "Yolo",
      "state": "California",
      "protocol_count": "16"
    },
    {
      "id": "30244",
      "name": "Yuba",
      "state": "California",
      "protocol_count": "16"
    },
    {
      "id": "120028",
      "name": "Fresno County",
      "state": "California",
      "protocol_count": "10"
    },
    {
      "id": "120029",
      "name": "Kings County",
      "state": "California",
      "protocol_count": "10"
    },
    {
      "id": "120030",
      "name": "Madera County",
      "state": "California",
      "protocol_count": "10"
    },
    {
      "id": "120031",
      "name": "Tulare County",
      "state": "California",
      "protocol_count": "10"
    },
    {
      "id": "120043",
      "name": "Butte County",
      "state": "California",
      "protocol_count": "9"
    },
    {
      "id": "120044",
      "name": "Colusa County",
      "state": "California",
      "protocol_count": "9"
    },
    {
      "id": "120045",
      "name": "Glenn County",
      "state": "California",
      "protocol_count": "9"
    },
    {
      "id": "120046",
      "name": "Lassen County",
      "state": "California",
      "protocol_count": "9"
    },
    {
      "id": "120007",
      "name": "Marin County",
      "state": "California",
      "protocol_count": "9"
    },
    {
      "id": "120047",
      "name": "Modoc County",
      "state": "California",
      "protocol_count": "9"
    },
    {
      "id": "120048",
      "name": "Plumas County",
      "state": "California",
      "protocol_count": "9"
    },
    {
      "id": "120049",
      "name": "Shasta County",
      "state": "California",
      "protocol_count": "9"
    },
    {
      "id": "120050",
      "name": "Siskiyou County",
      "state": "California",
      "protocol_count": "9"
    },
    {
      "id": "120051",
      "name": "Tehama County",
      "state": "California",
      "protocol_count": "9"
    },
    {
      "id": "120052",
      "name": "Trinity County",
      "state": "California",
      "protocol_count": "9"
    },
    {
      "id": "120009",
      "name": "Monterey County",
      "state": "California",
      "protocol_count": "7"
    },
    {
      "id": "120013",
      "name": "Sacramento County",
      "state": "California",
      "protocol_count": "6"
    },
    {
      "id": "120021",
      "name": "Santa Clara County",
      "state": "California",
      "protocol_count": "6"
    },
    {
      "id": "120041",
      "name": "Del Norte County",
      "state": "California",
      "protocol_count": "3"
    },
    {
      "id": "120042",
      "name": "Humboldt County",
      "state": "California",
      "protocol_count": "3"
    },
    {
      "id": "120016",
      "name": "San Francisco County",
      "state": "California",
      "protocol_count": "2"
    },
    {
      "id": "120020",
      "name": "Santa Barbara County",
      "state": "California",
      "protocol_count": "1"
    },
    {
      "id": "120024",
      "name": "Stanislaus County",
      "state": "California",
      "protocol_count": "1"
    },
    {
      "id": "120037",
      "name": "Alpine County",
      "state": "California",
      "protocol_count": "0"
    },
    {
      "id": "120038",
      "name": "Amador County",
      "state": "California",
      "protocol_count": "0"
    },
    {
      "id": "60404",
      "name": "Anaheim Fire Department EMS",
      "state": "California",
      "protocol_count": "0"
    },
    {
      "id": "60402",
      "name": "Bakersfield Fire Department EMS",
      "state": "California",
      "protocol_count": "0"
    },
    {
      "id": "120039",
      "name": "Calaveras County",
      "state": "California",
      "protocol_count": "0"
    },
    {
      "id": "120002",
      "name": "Contra Costa County",
      "state": "California",
      "protocol_count": "0"
    },
    {
      "id": "120003",
      "name": "El Dorado County",
      "state": "California",
      "protocol_count": "0"
    },
    {
      "id": "120004",
      "name": "Imperial County",
      "state": "California",
      "protocol_count": "0"
    },
    {
      "id": "60400",
      "name": "Long Beach Fire Department EMS",
      "state": "California",
      "protocol_count": "0"
    },
    {
      "id": "120040",
      "name": "Mariposa County",
      "state": "California",
      "protocol_count": "0"
    },
    {
      "id": "120008",
      "name": "Merced County",
      "state": "California",
      "protocol_count": "0"
    },
    {
      "id": "120010",
      "name": "Napa County",
      "state": "California",
      "protocol_count": "0"
    },
    {
      "id": "60401",
      "name": "Oakland Fire Department EMS",
      "state": "California",
      "protocol_count": "0"
    },
    {
      "id": "60392",
      "name": "Sacramento Fire Department/Metro Fire EMS",
      "state": "California",
      "protocol_count": "0"
    },
    {
      "id": "120014",
      "name": "San Benito County",
      "state": "California",
      "protocol_count": "0"
    },
    {
      "id": "120018",
      "name": "San Luis Obispo County",
      "state": "California",
      "protocol_count": "0"
    },
    {
      "id": "120019",
      "name": "San Mateo County",
      "state": "California",
      "protocol_count": "0"
    },
    {
      "id": "120022",
      "name": "Santa Cruz County",
      "state": "California",
      "protocol_count": "0"
    },
    {
      "id": "120023",
      "name": "Solano County",
      "state": "California",
      "protocol_count": "0"
    },
    {
      "id": "120025",
      "name": "Tuolumne County",
      "state": "California",
      "protocol_count": "0"
    },
    {
      "id": "120027",
      "name": "Yolo County",
      "state": "California",
      "protocol_count": "0"
    }
  ],
  "messages": [],
  "stdout": "id\tname\tstate\tprotocol_count\n120012\tRiverside County\tCalifornia\t406\n120034\tInyo County\tCalifornia\t358\n120035\tMono County\tCalifornia\t358\n120036\tSan Bernardino County\tCalifornia\t358\n120006\tLos Angeles County\tCalifornia\t236\n120017\tSan Joaquin County\tCalifornia\t211\n120001\tAlameda County\tCalifornia\t133\n120053\tNevada County\tCalifornia\t122\n120054\tPlacer County\tCalifornia\t122\n120055\tSierra County\tCalifornia\t122\n120056\tSutter County\tCalifornia\t122\n120057\tYuba County\tCalifornia\t122\n120015\tSan Diego County\tCalifornia\t115\n120005\tKern County\tCalifornia\t47\n120032\tMendocino County\tCalifornia\t45\n120033\tSonoma County\tCalifornia\t45\n120011\tOrange County\tCalifornia\t28\n120026\tVentura County\tCalifornia\t21\n30187\tAlameda\tCalifornia\t16\n30188\tAlpine\tCalifornia\t16\n30189\tAmador\tCalifornia\t16\n30190\tButte\tCalifornia\t16\n30191\tCalaveras\tCalifornia\t16\n30192\tColusa\tCalifornia\t16\n30193\tContra Costa\tCalifornia\t16\n30194\tDel Norte\tCalifornia\t16\n30195\tEl Dorado\tCalifornia\t16\n30196\tFresno\tCalifornia\t16\n30197\tGlenn\tCalifornia\t16\n30198\tHumboldt\tCalifornia\t16\n30199\tImperial\tCalifornia\t16\n30200\tInyo\tCalifornia\t16\n30201\tKern\tCalifornia\t16\n30202\tKings\tCalifornia\t16\n30203\tLake\tCalifornia\t16\n30204\tLassen\tCalifornia\t16\n31967\tLos Angeles\tCalifornia\t16\n30205\tLos Angeles\tCalifornia\t16\n30206\tMadera\tCalifornia\t16\n30207\tMarin\tCalifornia\t16\n30208\tMariposa\tCalifornia\t16\n30209\tMendocino\tCalifornia\t16\n30210\tMerced\tCalifornia\t16\n30211\tModoc\tCalifornia\t16\n30212\tMono\tCalifornia\t16\n30213\tMonterey\tCalifornia\t16\n30214\tNapa\tCalifornia\t16\n30215\tNevada\tCalifornia\t16\n30216\tOrange\tCalifornia\t16\n31970\tOrange\tCalifornia\t16\n30217\tPlacer\tCalifornia\t16\n30218\tPlumas\tCalifornia\t16\n30219\tRiverside\tCalifornia\t16\n31971\tSacramento\tCalifornia\t16\n30220\tSacramento\tCalifornia\t16\n30221\tSan Benito\tCalifornia\t16\n30222\tSan Bernardino\tCalifornia\t16\n30223\tSan Diego\tCalifornia\t16\n31968\tSan Diego\tCalifornia\t16\n31969\tSan Francisco\tCalifornia\t16\n30224\tSan Francisco\tCalifornia\t16\n30225\tSan Joaquin\tCalifornia\t16\n30226\tSan Luis Obispo\tCalifornia\t16\n30227\tSan Mateo\tCalifornia\t16\n30228\tSanta Barbara\tCalifornia\t16\n30229\tSanta Clara\tCalifornia\t16\n30230\tSanta Cruz\tCalifornia\t16\n30231\tShasta\tCalifornia\t16\n30232\tSierra\tCalifornia\t16\n30233\tSiskiyou\tCalifornia\t16\n30234\tSolano\tCalifornia\t16\n30235\tSonoma\tCalifornia\t16\n30236\tStanislaus\tCalifornia\t16\n30237\tSutter\tCalifornia\t16\n30238\tTehama\tCalifornia\t16\n30239\tTrinity\tCalifornia\t16\n30240\tTulare\tCalifornia\t16\n30241\tTuolumne\tCalifornia\t16\n30242\tVentura\tCalifornia\t16\n30243\tYolo\tCalifornia\t16\n30244\tYuba\tCalifornia\t16\n120028\tFresno County\tCalifornia\t10\n120029\tKings County\tCalifornia\t10\n120030\tMadera County\tCalifornia\t10\n120031\tTulare County\tCalifornia\t10\n120043\tButte County\tCalifornia\t9\n120044\tColusa County\tCalifornia\t9\n120045\tGlenn County\tCalifornia\t9\n120046\tLassen County\tCalifornia\t9\n120007\tMarin County\tCalifornia\t9\n120047\tModoc County\tCalifornia\t9\n120048\tPlumas County\tCalifornia\t9\n120049\tShasta County\tCalifornia\t9\n120050\tSiskiyou County\tCalifornia\t9\n120051\tTehama County\tCalifornia\t9\n120052\tTrinity County\tCalifornia\t9\n120009\tMonterey County\tCalifornia\t7\n120013\tSacramento County\tCalifornia\t6\n120021\tSanta Clara County\tCalifornia\t6\n120041\tDel Norte County\tCalifornia\t3\n120042\tHumboldt County\tCalifornia\t3\n120016\tSan Francisco County\tCalifornia\t2\n120020\tSanta Barbara County\tCalifornia\t1\n120024\tStanislaus County\tCalifornia\t1\n120037\tAlpine County\tCalifornia\t0\n120038\tAmador County\tCalifornia\t0\n60404\tAnaheim Fire Department EMS\tCalifornia\t0\n60402\tBakersfield Fire Department EMS\tCalifornia\t0\n120039\tCalaveras County\tCalifornia\t0\n120002\tContra Costa County\tCalifornia\t0\n120003\tEl Dorado County\tCalifornia\t0\n120004\tImperial County\tCalifornia\t0\n60400\tLong Beach Fire Department EMS\tCalifornia\t0\n120040\tMariposa County\tCalifornia\t0\n120008\tMerced County\tCalifornia\t0\n120010\tNapa County\tCalifornia\t0\n60401\tOakland Fire Department EMS\tCalifornia\t0\n60392\tSacramento Fire Department/Metro Fire EMS\tCalifornia\t0\n120014\tSan Benito County\tCalifornia\t0\n120018\tSan Luis Obispo County\tCalifornia\t0\n120019\tSan Mateo County\tCalifornia\t0\n120022\tSanta Cruz County\tCalifornia\t0\n120023\tSolano County\tCalifornia\t0\n120025\tTuolumne County\tCalifornia\t0\n120027\tYolo County\tCalifornia\t0\n",
  "stderr": "",
  "execution_time_ms": 139
}